{
    "average": {
        "accuracy": 0.699,
        "correct": 699,
        "total": 1000
    },
    "question_type": {
        "multi_choice": {
            "accuracy": 0.7518518518518519,
            "correct": 406,
            "total": 540
        },
        "free_form": {
            "accuracy": 0.6369565217391304,
            "correct": 293,
            "total": 460
        }
    },
    "answer_type": {
        "text": {
            "accuracy": 0.7518518518518519,
            "correct": 406,
            "total": 540
        },
        "integer": {
            "accuracy": 0.6555023923444976,
            "correct": 274,
            "total": 418
        },
        "float": {
            "accuracy": 0.475,
            "correct": 19,
            "total": 40
        },
        "list": {
            "accuracy": 0.0,
            "correct": 0,
            "total": 2
        }
    },
    "language": {
        "english": {
            "accuracy": 0.7008547008547008,
            "correct": 656,
            "total": 936
        },
        "chinese": {
            "accuracy": 0.6935483870967742,
            "correct": 43,
            "total": 62
        },
        "persian": {
            "accuracy": 0.0,
            "correct": 0,
            "total": 2
        }
    },
    "source": {
        "PMC-VQA": {
            "accuracy": 1.0,
            "correct": 1,
            "total": 1
        },
        "PlotQA": {
            "accuracy": 0.9473684210526315,
            "correct": 18,
            "total": 19
        },
        "FigureQA": {
            "accuracy": 0.9193548387096774,
            "correct": 57,
            "total": 62
        },
        "DVQA": {
            "accuracy": 0.9032258064516129,
            "correct": 56,
            "total": 62
        },
        "TabMWP": {
            "accuracy": 0.9032258064516129,
            "correct": 56,
            "total": 62
        },
        "ScienceQA": {
            "accuracy": 0.8888888888888888,
            "correct": 8,
            "total": 9
        },
        "Super-CLEVR": {
            "accuracy": 0.8870967741935484,
            "correct": 55,
            "total": 62
        },
        "MapQA": {
            "accuracy": 0.875,
            "correct": 7,
            "total": 8
        },
        "AI2D": {
            "accuracy": 0.813953488372093,
            "correct": 35,
            "total": 43
        },
        "CLEVR-Math": {
            "accuracy": 0.8064516129032258,
            "correct": 50,
            "total": 62
        },
        "UniGeo": {
            "accuracy": 0.8064516129032258,
            "correct": 50,
            "total": 62
        },
        "FunctionQA": {
            "accuracy": 0.7580645161290323,
            "correct": 47,
            "total": 62
        },
        "DocVQA": {
            "accuracy": 0.75,
            "correct": 9,
            "total": 12
        },
        "IconQA": {
            "accuracy": 0.7258064516129032,
            "correct": 45,
            "total": 62
        },
        "VQA-AS": {
            "accuracy": 0.7142857142857143,
            "correct": 5,
            "total": 7
        },
        "GeoQA+": {
            "accuracy": 0.6935483870967742,
            "correct": 43,
            "total": 62
        },
        "TQA": {
            "accuracy": 0.6875,
            "correct": 11,
            "total": 16
        },
        "ChartQA": {
            "accuracy": 0.68,
            "correct": 34,
            "total": 50
        },
        "TextVQA": {
            "accuracy": 0.6666666666666666,
            "correct": 4,
            "total": 6
        },
        "A-OKVQA": {
            "accuracy": 0.6666666666666666,
            "correct": 4,
            "total": 6
        },
        "PaperQA": {
            "accuracy": 0.631578947368421,
            "correct": 12,
            "total": 19
        },
        "Geometry3K": {
            "accuracy": 0.6129032258064516,
            "correct": 38,
            "total": 62
        },
        "VQA2.0": {
            "accuracy": 0.59375,
            "correct": 19,
            "total": 32
        },
        "GEOS": {
            "accuracy": 0.5,
            "correct": 11,
            "total": 22
        },
        "VQA-RAD": {
            "accuracy": 0.5,
            "correct": 1,
            "total": 2
        },
        "IQTest": {
            "accuracy": 0.2702702702702703,
            "correct": 10,
            "total": 37
        },
        "TheoremQA": {
            "accuracy": 0.18181818181818182,
            "correct": 2,
            "total": 11
        },
        "SciBench": {
            "accuracy": 0.17647058823529413,
            "correct": 3,
            "total": 17
        },
        "KVQA": {
            "accuracy": 0.13333333333333333,
            "correct": 8,
            "total": 60
        },
        "ParsVQA-Caps": {
            "accuracy": 0.0,
            "correct": 0,
            "total": 2
        },
        "VizWiz": {
            "accuracy": 0.0,
            "correct": 0,
            "total": 1
        }
    },
    "category": {
        "general-vqa": {
            "accuracy": 0.7217391304347827,
            "correct": 332,
            "total": 460
        },
        "math-targeted-vqa": {
            "accuracy": 0.6796296296296296,
            "correct": 367,
            "total": 540
        }
    },
    "task": {
        "math word problem": {
            "accuracy": 0.8118279569892473,
            "correct": 151,
            "total": 186
        },
        "figure question answering": {
            "accuracy": 0.7546468401486989,
            "correct": 203,
            "total": 269
        },
        "geometry problem solving": {
            "accuracy": 0.6826923076923077,
            "correct": 142,
            "total": 208
        },
        "textbook question answering": {
            "accuracy": 0.6708860759493671,
            "correct": 106,
            "total": 158
        },
        "visual question answering": {
            "accuracy": 0.5418994413407822,
            "correct": 97,
            "total": 179
        }
    },
    "context": {
        "scatter plot": {
            "accuracy": 0.8888888888888888,
            "correct": 32,
            "total": 36
        },
        "table": {
            "accuracy": 0.8857142857142857,
            "correct": 62,
            "total": 70
        },
        "map chart": {
            "accuracy": 0.875,
            "correct": 7,
            "total": 8
        },
        "bar chart": {
            "accuracy": 0.8571428571428571,
            "correct": 102,
            "total": 119
        },
        "synthetic scene": {
            "accuracy": 0.8467741935483871,
            "correct": 105,
            "total": 124
        },
        "pie chart": {
            "accuracy": 0.8333333333333334,
            "correct": 10,
            "total": 12
        },
        "line plot": {
            "accuracy": 0.7692307692307693,
            "correct": 30,
            "total": 39
        },
        "function plot": {
            "accuracy": 0.7580645161290323,
            "correct": 47,
            "total": 62
        },
        "document image": {
            "accuracy": 0.75,
            "correct": 9,
            "total": 12
        },
        "geometry diagram": {
            "accuracy": 0.6944444444444444,
            "correct": 150,
            "total": 216
        },
        "abstract scene": {
            "accuracy": 0.6885245901639344,
            "correct": 42,
            "total": 61
        },
        "medical image": {
            "accuracy": 0.6666666666666666,
            "correct": 2,
            "total": 3
        },
        "scientific figure": {
            "accuracy": 0.5978260869565217,
            "correct": 55,
            "total": 92
        },
        "natural image": {
            "accuracy": 0.3394495412844037,
            "correct": 37,
            "total": 109
        },